Charles Babbage,M,1791,1871,Father of the computer
Ada Lovelace,F,1815,1852,The first programmer
Alan Turing,M,1912,1954,Ever heard of turing complete
Donald Knuth,M,1938,0,Author of the multi-volume work
Anita Borg,F,1949,2003,She founded the Institute for Women and Technology
John Backus,M,1924,2007,Inventor of the Backus-Naur form 
Markus Persson,M,1979,0,The maker of minecraft
Steve Wozniak,M,1950,0,One of the founder of Apple
Mark Zuckerberg,M,1984,0,founder and maker of facebook
Grace Hopper,F,1906,1992,United States Navy Rear Admiral
